CREATE TABLE MEMBER_00028
(
MEMBER_ID NUMBER(5) PRIMARY KEY,
MEMBER_NAME VARCHAR2(30) NOT NULL,
MEMBER_ADDRESS VARCHAR2(50),
ACC_OPEN_DATE DATE,
MEMBERSHIP_TYPE VARCHAR2(20) CHECK(MEMBERSHIP_TYPE IN('LIFETIME','ANNUAL','HALFYEARLY','QUARTERLY')),
FEES_PAID NUMBER(4),
MAX_BOOK_ALLOWED NUMBER(2)CHECK (MAX_BOOK_ALLOWED < 7),
PENALTY_AMOUNT NUMBER(7,2)CHECK (PENALTY_AMOUNT<=1000)
);

DESC MEMBER_00028;

INSERT INTO MEMBER_00028 VALUES(1,'Sayantan Sinha','Pune','10-jan-10','LIFETIME',2000,6,50); 
INSERT INTO MEMBER_00028 VALUES(2,'Abhirup Sarkar','Kolkata','19-jan-11','ANNUAL',1400,3,0);
INSERT INTO MEMBER_00028 VALUES(3,'Ritesh Buniya','Gujrat','20-feb-11','QUARTERLY',350,2,100);
INSERT INTO MEMBER_00028 VALUES(4,'Paresh Sen','Tripura','21-mar-11','HALFYEARLY',700,1,200);
INSERT INTO MEMBER_00028 VALUES(5,'Sohini Halder','Birbhum','11-apr-11','LIFETIME',2000,6,10);
INSERT INTO MEMBER_00028 VALUES(6,'Suparna Biswas','Kolkata','12-jan-11','HALFYEARLY',700,1,0);
INSERT INTO MEMBER_00028 VALUES(7,'Suranjana Basu','Purulia','30-june-11','ANNUAL',1400,3,50);
INSERT INTO MEMBER_00028 VALUES(8,'Arpita Roy','Kolkata','31-july-11','HALFYEARLY',700,1,0);


SELECT * FROM MEMBER_00028;

CREATE TABLE BOOKS_00028(
BOOK_NO NUMBER(6) PRIMARY KEY,
BOOK_NAME VARCHAR2(30) NOT NULL,
AUTHOR_NAME VARCHAR2(30),
COST NUMBER(7,2),
CATEGORY CHAR(10) CHECK(CATEGORY IN('SCIENCE','DATABASE','SYSTEM','OTHERS'))
);

DESC BOOKS_00028;

INSERT INTO BOOKS_00028 VALUES(101,'Let us C','Denis Ritchie',450,'OTHERS');
INSERT INTO BOOKS_00028 VALUES(102,'Oracle-Compile Ref','Loni',550,'DATABASE');
INSERT INTO BOOKS_00028 VALUES(103,'Visual Basic 10','BPB',700,'OTHERS');
INSERT INTO BOOKS_00028 VALUES(104,'Mastering SQL','Loni',450,'DATABASE');
INSERT INTO BOOKS_00028 VALUES(105,'PL SQL-Ref','Scott Urman',750,'DATABASE');
INSERT INTO BOOKS_00028 VALUES(106,'UNIX','Sumitava Das',300,'SYSTEM');
INSERT INTO BOOKS_00028 VALUES(107,'Optics','Ghtak',600,'SCIENCE');
INSERT INTO BOOKS_00028 VALUES(108,'Data Structure','G.S Baluja',350,'OTHERS');

SELECT * FROM BOOKS_00028;

CREATE TABLE ISSUE_00028(
LIB_NAME_ID NUMBER(10) PRIMARY KEY,
BOOK_NO NUMBER(6),
MEMBER_ID NUMBER(5),
ISSUE_DATE DATE,
RETURN_DATE DATE,
FOREIGN KEY(BOOK_NO) REFERENCES BOOKS_00028(BOOK_NO),
FOREIGN KEY(MEMBER_ID) REFERENCES MEMBER_00028(MEMBER_ID)
);

DESC ISSUE_00028;

INSERT INTO ISSUE_00028 VALUES(7001,101,1,'10-jan-11','');
INSERT INTO ISSUE_00028 VALUES(7002,102,2,'25-jan-11','');
INSERT INTO ISSUE_00028 VALUES(7003,104,1,'1-feb-11','');
INSERT INTO ISSUE_00028 VALUES(7004,104,2,'15-mar-11','');
INSERT INTO ISSUE_00028 VALUES(7005,101,4,'4-apr-11','');
INSERT INTO ISSUE_00028 VALUES(7006,108,5,'12-apr-11','');
INSERT INTO ISSUE_00028 VALUES(7007,101,8,'1-aug-11','');

SELECT * FROM ISSUE_00028;
